reporter_iso,partner_iso,trade_value_usd_exp
alb,alb,NA
aut,alb,63185655
bel,alb,29592296
bgr,alb,96610296
bih,alb,25081855
blr,alb,269100
che,alb,54670391
cze,alb,57962292
deu,alb,293847473
dnk,alb,20491595
esp,alb,109637790
est,alb,311198
fin,alb,2465718
fra,alb,55125001
gbr,alb,23241757
grc,alb,641070640
hrv,alb,89138049
hun,alb,98262583
irl,alb,10849143
isl,alb,97630
ita,alb,1514289296
srb,alb,158166004
ltu,alb,5460984
lux,alb,420417
lva,alb,2044720
mda,alb,378333
mkd,alb,81457331
mlt,alb,152532
mne,alb,14834822
nld,alb,88894431
nor,alb,4652034
pol,alb,72475738
prt,alb,8523982
rou,alb,106619148
rus,alb,98468461
srb,alb,158166004
svk,alb,31540333
svn,alb,57513088
swe,alb,10890951
ukr,alb,22753152
alb,aut,16292900
aut,aut,NA
bel,aut,2941721848
bgr,aut,611683115
bih,aut,623750138
blr,aut,20112900
che,aut,6392675496
cze,aut,8556543321
deu,aut,70988485915
dnk,aut,694737615
esp,aut,2636846499
est,aut,65302767
fin,aut,459323980
fra,aut,4507348625
gbr,aut,2379689070
grc,aut,326588651
hrv,aut,1008126062
hun,aut,5642630741
irl,aut,465624375
isl,aut,1616688
ita,aut,11254085060
srb,aut,634636290
ltu,aut,240716735
lux,aut,273150011
lva,aut,81942138
mda,aut,28410753
mkd,aut,68356134
mlt,aut,14142801
mne,aut,3448566
nld,aut,7013137066
nor,aut,324335526
pol,aut,5376834711
prt,aut,587837479
rou,aut,1700308231
rus,aut,3517105249
srb,aut,634636290
svk,aut,5062765058
svn,aut,2545583393
swe,aut,1526291852
ukr,aut,598319050
alb,bel,6866899
aut,bel,3147089449
bel,bel,NA
bgr,bel,952422895
bih,bel,44801027
blr,bel,174768600
che,bel,5474742671
cze,bel,4165647802
deu,bel,51634513126
dnk,bel,1861750635
esp,bel,9282704797
est,bel,300393120
fin,bel,2250160719
fra,bel,38344193120
gbr,bel,16477738926
grc,bel,536674892
hrv,bel,289342658
hun,bel,3043331304
irl,bel,17358578684
isl,bel,77439557
ita,bel,13879283597
srb,bel,215977456
ltu,bel,621354287
lux,bel,1770414965
lva,bel,168924395
mda,bel,2910253
mkd,bel,238291525
mlt,bel,6165897
mne,bel,843108
nld,bel,58276371210
nor,bel,4361003597
pol,bel,5924986838
prt,bel,1533894885
rou,bel,1382328045
rus,bel,6780633685
srb,bel,215977456
svk,bel,1206897236
svn,bel,466986433
swe,bel,6285853248
ukr,bel,680703945
alb,bgr,32100872
aut,bgr,909381602
bel,bgr,709805880
bgr,bgr,NA
bih,bgr,29865746
blr,bgr,33634900
che,bgr,431028739
cze,bgr,1039573395
deu,bgr,4400191628
dnk,bgr,109661541
esp,bgr,1486670036
est,bgr,43046555
fin,bgr,74952230
fra,bgr,1052751128
gbr,bgr,477420620
grc,bgr,1746440930
hrv,bgr,107604995
hun,bgr,1309444069
irl,bgr,180097928
isl,bgr,2040186
ita,bgr,2864068822
srb,bgr,647013055
ltu,bgr,109776840
lux,bgr,29151656
lva,bgr,52745948
mda,bgr,60126014
mkd,bgr,351454016
mlt,bgr,11971985
mne,bgr,1871240
nld,bgr,1238112865
nor,bgr,32868796
pol,bgr,1178794734
prt,bgr,129525798
rou,bgr,2716465030
rus,bgr,2690957731
srb,bgr,647013055
svk,bgr,587399444
svn,bgr,292569114
swe,bgr,159682881
ukr,bgr,482167606
alb,bih,19007668
aut,bih,498021981
bel,bih,66178587
bgr,bih,71339865
bih,bih,NA
blr,bih,10775700
che,bih,111116023
cze,bih,180142919
deu,bih,1004233118
dnk,bih,18565964
esp,bih,73729211
est,bih,868834
fin,bih,6703638
fra,bih,98200024
gbr,bih,33304134
grc,bih,72437221
hrv,bih,1705136548
hun,bih,426372717
irl,bih,17798467
isl,bih,4351300
ita,bih,776591027
srb,bih,1513855439
ltu,bih,6665030
lux,bih,1548463
lva,bih,3547204
mda,bih,1914695
mkd,bih,94047636
mlt,bih,133002
mne,bih,33390375
nld,bih,230415438
nor,bih,2584554
pol,bih,260530267
prt,bih,3243013
rou,bih,103135594
rus,bih,38078663
srb,bih,1513855439
svk,bih,120858098
svn,bih,881876712
swe,bih,28671899
ukr,bih,20936075
alb,blr,30336
aut,blr,141339456
bel,blr,165281884
bgr,blr,58303209
bih,blr,5174449
blr,blr,NA
che,blr,140243275
cze,blr,309904031
deu,blr,1693717614
dnk,blr,51088039
esp,blr,119281439
est,blr,64433203
fin,blr,83131157
fra,blr,173323950
gbr,blr,174043677
grc,blr,13864613
hrv,blr,18410404
hun,blr,115226958
irl,blr,6331378
isl,blr,28956605
ita,blr,448673701
srb,blr,58952943
ltu,blr,1282895785
lux,blr,4263879
lva,blr,214909821
mda,blr,73820599
mkd,blr,1888791
mlt,blr,3388
mne,blr,605
nld,blr,274684842
nor,blr,146575832
pol,blr,1805383407
prt,blr,16088552
rou,blr,31263419
rus,blr,21708324443
srb,blr,58952943
svk,blr,93225722
svn,blr,76729989
swe,blr,61318555
ukr,blr,1549834780
alb,che,8008901
aut,che,8603524919
bel,che,5140654534
bgr,che,216543496
bih,che,137140347
blr,che,22525700
che,che,NA
cze,che,3074123076
deu,che,64755167034
dnk,che,818266396
esp,che,5410184014
est,che,65923224
fin,che,659330980
fra,che,19909385652
gbr,che,15093270275
grc,che,172455529
hrv,che,227482275
hun,che,1220086183
irl,che,6190187880
isl,che,17428705
ita,che,26717162564
srb,che,166130648
ltu,che,172065377
lux,che,187945614
lva,che,50930285
mda,che,71391612
mkd,che,39968352
mlt,che,26471546
mne,che,7166815
nld,che,7818779035
nor,che,339520128
pol,che,2281546753
prt,che,697150936
rou,che,599284055
rus,che,3670289895
srb,che,166130648
svk,che,1333250817
svn,che,2549608946
swe,che,1796585863
ukr,che,127698314
alb,cze,36893629
aut,cze,6023589587
bel,cze,2894568720
bgr,cze,794324898
bih,cze,91985431
blr,cze,117643000
che,cze,1852734519
cze,cze,NA
deu,cze,49459742295
dnk,cze,610754743
esp,cze,2834563120
est,cze,96262812
fin,cze,386850921
fra,cze,5283117443
gbr,cze,2808672016
grc,cze,293654790
hrv,cze,263283909
hun,cze,5239907624
irl,cze,628636327
isl,cze,3425276
ita,cze,7149255144
srb,cze,651605904
ltu,cze,379805869
lux,cze,163757487
lva,cze,187703433
mda,cze,57963221
mkd,cze,62376731
mlt,cze,20963448
mne,cze,22009931
nld,cze,8874930751
nor,cze,235516127
pol,cze,15503205751
prt,cze,440063097
rou,cze,2424795775
rus,cze,4861001418
srb,cze,651605904
svk,cze,9898050686
svn,cze,814983147
swe,cze,1328735952
ukr,cze,920888845
alb,deu,121899471
aut,deu,50107808964
bel,deu,54770848453
bgr,deu,4935690173
bih,deu,958741872
blr,deu,1298099900
che,deu,47908720217
cze,deu,63526531285
deu,deu,NA
dnk,deu,15068679025
esp,deu,34767292629
est,deu,1005484203
fin,deu,10440897129
fra,deu,78210508847
gbr,deu,46352023475
grc,deu,2519378655
hrv,deu,2247531149
hun,deu,33827808495
irl,deu,15221003478
isl,deu,309285589
ita,deu,62193433964
srb,deu,2477478938
ltu,deu,2517203553
lux,deu,3726930161
lva,deu,1045695750
mda,deu,188640915
mkd,deu,3501400906
mlt,deu,553880786
mne,deu,17282627
nld,deu,128001845414
nor,deu,15056587679
pol,deu,69224851566
prt,deu,8040833171
rou,deu,17343318434
rus,deu,28049416972
srb,deu,2477478938
svk,deu,19789602382
svn,deu,7086586969
swe,deu,16426164012
ukr,deu,2382998598
alb,dnk,1039137
aut,dnk,837176685
bel,dnk,2175994376
bgr,dnk,197711834
bih,dnk,22563199
blr,dnk,31652200
che,dnk,1213437518
cze,dnk,2004450327
deu,dnk,21492641663
dnk,dnk,NA
esp,dnk,1978552961
est,dnk,499759228
fin,dnk,1106279278
fra,dnk,3453666093
gbr,dnk,3403004037
grc,dnk,214776474
hrv,dnk,62616988
hun,dnk,873502418
irl,dnk,740841613
isl,dnk,121857241
ita,dnk,3238276767
srb,dnk,61999124
ltu,dnk,806428401
lux,dnk,94194974
lva,dnk,619564183
mda,dnk,783034
mkd,dnk,8215947
mlt,dnk,5896238
mne,dnk,2038381
nld,dnk,6982576744
nor,dnk,4662757840
pol,dnk,4043878629
prt,dnk,515115762
rou,dnk,362294430
rus,dnk,3198662003
srb,dnk,61999124
svk,dnk,714388108
svn,dnk,367992443
swe,dnk,11066875937
ukr,dnk,254684332
alb,esp,217023283
aut,esp,2773092453
bel,esp,8387331260
bgr,esp,909670785
bih,esp,26865022
blr,esp,16553400
che,esp,7882393084
cze,esp,6400521575
deu,esp,49495535825
dnk,esp,1902338537
esp,esp,NA
est,esp,166082287
fin,esp,1232705883
fra,esp,41703081854
gbr,esp,13675878088
grc,esp,1235489797
hrv,esp,298647952
hun,esp,3554374348
irl,esp,2638468461
isl,esp,495357511
ita,esp,26591727101
srb,esp,245912058
ltu,esp,354485315
lux,esp,354697582
lva,esp,198952691
mda,esp,37465342
mkd,esp,110762557
mlt,esp,97348783
mne,esp,1318527
nld,esp,17507834610
nor,esp,2357279411
pol,esp,6536537408
prt,esp,16582014977
rou,esp,2350445554
rus,esp,2558514943
srb,esp,245912058
svk,esp,2534988448
svn,esp,651040833
swe,esp,3149897110
ukr,esp,1500800920
alb,est,11069172
aut,est,169161818
bel,est,315754545
bgr,est,28707049
bih,est,747292
blr,est,107160700
che,est,187204431
cze,est,397927407
deu,est,2032869997
dnk,est,271728568
esp,est,263778141
est,est,NA
fin,est,1943552237
fra,est,439209014
gbr,est,322305946
grc,est,36696931
hrv,est,10446172
hun,est,108876834
irl,est,21194076
isl,est,1113997
ita,est,534508017
srb,est,8441578
ltu,est,1696765859
lux,est,11261834
lva,est,1689464008
mda,est,2845401
mkd,est,1802467
mlt,est,222960
mne,est,2510
nld,est,956148249
nor,est,187850573
pol,est,1207684762
prt,est,34895942
rou,est,60879740
rus,est,2449475034
srb,est,8441578
svk,est,127228141
svn,est,77012654
swe,est,1340216737
ukr,est,139859521
alb,fin,725077
aut,fin,722486409
bel,fin,1560417476
bgr,fin,71696674
bih,fin,979989
blr,fin,25551000
che,fin,639054830
cze,fin,1051238285
deu,fin,12380020312
dnk,fin,1945730035
esp,fin,1005877263
est,fin,2419164646
fin,fin,NA
fra,fin,2149944618
gbr,fin,1664738322
grc,fin,188290742
hrv,fin,27015048
hun,fin,430467477
irl,fin,309923031
isl,fin,5583067
ita,fin,1892822403
srb,fin,23423917
ltu,fin,592354215
lux,fin,61762952
lva,fin,357772447
mda,fin,1036591
mkd,fin,16784419
mlt,fin,6073877
mne,fin,416983
nld,fin,5130297754
nor,fin,1469677020
pol,fin,2046694098
prt,fin,378649155
rou,fin,236201465
rus,fin,10070077899
srb,fin,23423917
svk,fin,280192983
svn,fin,104969232
swe,fin,11443674194
ukr,fin,46178516
alb,fra,40806468
aut,fra,7501370131
bel,fra,42632117979
bgr,fra,1261762951
bih,fra,151301394
blr,fra,110179800
che,fra,19385861147
cze,fra,10242845420
deu,fra,119249534776
dnk,fra,3225158576
esp,fra,49137874350
est,fra,319499757
fin,fra,2122207894
fra,fra,NA
gbr,fra,31361513929
grc,fra,1324786731
hrv,fra,485541841
hun,fra,5281012382
irl,fra,6094621486
isl,fra,370054047
ita,fra,53595605934
srb,fra,527645638
ltu,fra,833600408
lux,fra,2319840042
lva,fra,275800292
mda,fra,22661319
mkd,fra,64950960
mlt,fra,301283339
mne,fra,1621338
nld,fra,45054663421
nor,fra,6179485188
pol,fra,14630816127
prt,fra,8672149561
rou,fra,5330918327
rus,fra,6456446231
srb,fra,527645638
svk,fra,6285552099
svn,fra,2044517690
swe,fra,6342669984
ukr,fra,601082911
alb,gbr,6722803
aut,gbr,4944638174
bel,gbr,18937789587
bgr,gbr,783382858
bih,gbr,47658750
blr,gbr,2292721600
che,gbr,28312022642
cze,gbr,8990745019
deu,gbr,88405569861
dnk,gbr,6051215210
esp,gbr,22016843636
est,gbr,271606300
fin,gbr,2877361200
fra,gbr,38469021489
gbr,gbr,NA
grc,gbr,1370964419
hrv,gbr,269606501
hun,gbr,4025510627
irl,gbr,17655482080
isl,gbr,543630621
ita,gbr,27035616588
srb,gbr,364410148
ltu,gbr,1257644030
lux,gbr,503765164
lva,gbr,813139373
mda,gbr,17443531
mkd,gbr,160537024
mlt,gbr,61725073
mne,gbr,7162995
nld,gbr,44606954468
nor,gbr,20949492639
pol,gbr,15236621574
prt,gbr,4062653113
rou,gbr,2889192110
rus,gbr,13271651635
srb,gbr,364410148
svk,gbr,4378054676
svn,gbr,658653109
swe,gbr,8424226877
ukr,gbr,628234975
alb,grc,113247571
aut,grc,594783345
bel,grc,1242234283
bgr,grc,2246476315
bih,grc,10029945
blr,grc,4618700
che,grc,757377645
cze,grc,514593733
deu,grc,6803025056
dnk,grc,498554826
esp,grc,2774875178
est,grc,18211973
fin,grc,148730316
fra,grc,2743318660
gbr,grc,1305288314
grc,grc,NA
hrv,grc,129875389
hun,grc,564716988
irl,grc,941662474
isl,grc,4963674
ita,grc,5116233311
srb,grc,207555374
ltu,grc,57063879
lux,grc,24313296
lva,grc,24758227
mda,grc,39141732
mkd,grc,194612888
mlt,grc,25489327
mne,grc,2309390
nld,grc,2738720032
nor,grc,207198032
pol,grc,1048480678
prt,grc,257887395
rou,grc,957443564
rus,grc,3884656891
srb,grc,207555374
svk,grc,489901974
svn,grc,107980482
swe,grc,366931744
ukr,grc,274211219
alb,hrv,10180571
aut,hrv,1474651218
bel,hrv,378413934
bgr,hrv,165104943
bih,hrv,801688968
blr,hrv,13239100
che,hrv,291088684
cze,hrv,689805807
deu,hrv,4177019374
dnk,hrv,102443818
esp,hrv,592688134
est,hrv,6253404
fin,hrv,49114868
fra,hrv,661925990
gbr,hrv,267625814
grc,hrv,166118281
hrv,hrv,NA
hun,hrv,2065838930
irl,hrv,67781930
isl,hrv,352573
ita,hrv,4229144891
srb,hrv,636245097
ltu,hrv,57565906
lux,hrv,11104742
lva,hrv,14388953
mda,hrv,1079771
mkd,hrv,84489523
mlt,hrv,32170425
mne,hrv,3414015
nld,hrv,860859412
nor,hrv,54731076
pol,hrv,985850300
prt,hrv,63675698
rou,hrv,302601664
rus,hrv,1474144863
srb,hrv,636245097
svk,hrv,545150765
svn,hrv,3234241112
swe,hrv,121222944
ukr,hrv,37196153
alb,hun,22486865
aut,hun,6131346593
bel,hun,2006517157
bgr,hun,577527994
bih,hun,154383764
blr,hun,130642700
che,hun,1054848128
cze,hun,6495043435
deu,hun,30092938550
dnk,hun,507592096
esp,hun,2024299850
est,hun,44317451
fin,hun,280951637
fra,hun,4169881896
gbr,hun,1695573084
grc,hun,230562493
hrv,hun,705740712
hun,hun,NA
irl,hun,365593860
isl,hun,37003398
ita,hun,5410408406
srb,hun,830184027
ltu,hun,220866763
lux,hun,89399927
lva,hun,72308985
mda,hun,10598269
mkd,hun,182526347
mlt,hun,31745179
mne,hun,50297840
nld,hun,4813286268
nor,hun,85018091
pol,hun,6979330533
prt,hun,328424719
rou,hun,3723307224
rus,hun,4083214984
srb,hun,830184027
svk,hun,5766077298
svn,hun,1034646734
swe,hun,682795579
ukr,hun,1562808005
alb,irl,586203
aut,irl,383583130
bel,irl,2048698610
bgr,irl,93214513
bih,irl,669457
blr,irl,16052200
che,irl,1060100617
cze,irl,965693279
deu,irl,8938285565
dnk,irl,641570107
esp,irl,1856096291
est,irl,19510456
fin,irl,190844096
fra,irl,3766855537
gbr,irl,27795973776
grc,irl,165379012
hrv,irl,49684227
hun,irl,305083429
irl,irl,NA
isl,irl,18005457
ita,irl,1929604907
srb,irl,11078499
ltu,irl,120149973
lux,irl,105158023
lva,irl,59092435
mda,irl,214834
mkd,irl,1311072
mlt,irl,5110633
mne,irl,5934
nld,irl,5014742309
nor,irl,743309376
pol,irl,1015941430
prt,irl,463431443
rou,irl,159430861
rus,irl,436762300
srb,irl,11078499
svk,irl,150525962
svn,irl,60146245
swe,irl,516501723
ukr,irl,153235071
alb,isl,182519
aut,isl,46920934
bel,isl,73606128
bgr,isl,1157604
bih,isl,50333
blr,isl,13872200
che,isl,73640197
cze,isl,37999425
deu,isl,552262730
dnk,isl,489852909
esp,isl,71444146
est,isl,36650420
fin,isl,57909486
fra,isl,88163292
gbr,isl,379287567
grc,isl,4811409
hrv,isl,4287946
hun,isl,13440203
irl,isl,101876908
isl,isl,NA
ita,isl,113859503
srb,isl,1930901
ltu,isl,52281804
lux,isl,5099750
lva,isl,34042047
mda,isl,0
mkd,isl,3976
mlt,isl,217548
mne,isl,2245
nld,isl,801384816
nor,isl,665680333
pol,isl,183302421
prt,isl,8741893
rou,isl,6060467
rus,isl,40532294
srb,isl,1930901
svk,isl,11109126
svn,isl,5979469
swe,isl,359310551
ukr,isl,993841
alb,ita,1302453787
aut,ita,10808277560
bel,ita,14436993915
bgr,ita,2447404065
bih,ita,744950223
blr,ita,97906100
che,ita,16172750868
cze,ita,7584695868
deu,ita,75801860252
dnk,ita,2328434065
esp,ita,25988829986
est,ita,171736278
fin,ita,2590240766
fra,ita,42046619474
gbr,ita,12713793008
grc,ita,4086013647
hrv,ita,2382516932
hun,ita,6271731820
irl,ita,4349517956
isl,ita,33891653
ita,ita,NA
srb,ita,1982739477
ltu,ita,742496216
lux,ita,606582558
lva,ita,215116771
mda,ita,116608830
mkd,ita,195352171
mlt,ita,320341518
mne,ita,12619158
nld,ita,22911084813
nor,ita,1424597597
pol,ita,11653917060
prt,ita,3003654443
rou,ita,8704576839
rus,ita,14341895520
srb,ita,1982739477
svk,ita,4166024489
svn,ita,4341335242
swe,ita,4309840835
ukr,ita,2418874196
alb,srb,310125719
aut,srb,938091844
bel,srb,382213388
bgr,srb,790611142
bih,srb,751329801
blr,srb,72136800
che,srb,364900716
cze,srb,759527668
deu,srb,3641131152
dnk,srb,135417609
esp,srb,339284497
est,srb,9194318
fin,srb,39355420
fra,srb,697829122
gbr,srb,209142482
grc,srb,362234865
hrv,srb,902699391
hun,srb,1944041437
irl,srb,77386463
isl,srb,249217
ita,srb,2128416828
srb,srb,NA
ltu,srb,24265479
lux,srb,12264369
lva,srb,10606938
mda,srb,5364982
mkd,srb,618247349
mlt,srb,3270290
mne,srb,120820753
nld,srb,692945594
nor,srb,48927960
pol,srb,976793094
prt,srb,30346826
rou,srb,1034703641
rus,srb,1526555533
srb,srb,NA
svk,srb,424868375
svn,srb,1223303530
swe,srb,144088816
ukr,srb,257425815
alb,ltu,848658
aut,ltu,300371410
bel,ltu,625258463
bgr,ltu,81212101
bih,ltu,10453031
blr,ltu,1054542100
che,ltu,143356235
cze,ltu,779258733
deu,ltu,3875088159
dnk,ltu,462056708
esp,ltu,460732988
est,ltu,979875431
fin,ltu,656405988
fra,ltu,695048160
gbr,ltu,668942256
grc,ltu,51923330
hrv,ltu,56623114
hun,ltu,260182438
irl,ltu,40256336
isl,ltu,44265443
ita,ltu,1111183320
srb,ltu,55012806
ltu,ltu,NA
lux,ltu,34200639
lva,ltu,2474564354
mda,ltu,6839278
mkd,ltu,4020571
mlt,ltu,2895339
mne,ltu,672
nld,ltu,1357754625
nor,ltu,673069928
pol,ltu,3788623012
prt,ltu,89098149
rou,ltu,108825493
rus,ltu,3485282127
srb,ltu,55012806
svk,ltu,217496514
svn,ltu,106793864
swe,ltu,1147027947
ukr,ltu,410783350
alb,lux,205097
aut,lux,204093732
bel,lux,6684874465
bgr,lux,14584099
bih,lux,40482147
blr,lux,735400
che,lux,383549254
cze,lux,272799186
deu,lux,6406464410
dnk,lux,81470326
esp,lux,376150753
est,lux,670101
fin,lux,24036668
fra,lux,2805242240
gbr,lux,302608853
grc,lux,25307139
hrv,lux,12092921
hun,lux,112147895
irl,lux,92494865
isl,lux,1391838
ita,lux,724989585
srb,lux,13998123
ltu,lux,13616968
lux,lux,NA
lva,lux,9348006
mda,lux,69230
mkd,lux,1086720
mlt,lux,867846
mne,lux,126116
nld,lux,1617553185
nor,lux,40642641
pol,lux,419339462
prt,lux,127634835
rou,lux,35711100
rus,lux,49585709
srb,lux,13998123
svk,lux,121482490
svn,lux,23470626
swe,lux,111839523
ukr,lux,20178990
alb,lva,467175
aut,lva,170076304
bel,lva,288131589
bgr,lva,33750776
bih,lva,1754028
blr,lva,365299900
che,lva,134481643
cze,lva,294915826
deu,lva,1930516278
dnk,lva,272489422
esp,lva,292521439
est,lva,1381146342
fin,lva,683668136
fra,lva,402024785
gbr,lva,493683878
grc,lva,26832773
hrv,lva,11636945
hun,lva,214295579
irl,lva,84158542
isl,lva,8580576
ita,lva,628447106
srb,lva,13762222
ltu,lva,3162185361
lux,lva,7648033
lva,lva,NA
mda,lva,6259108
mkd,lva,4113349
mlt,lva,685243
mne,lva,511855
nld,lva,668228913
nor,lva,129311664
pol,lva,1523334355
prt,lva,56651395
rou,lva,79656032
rus,lva,5149845865
srb,lva,13762222
svk,lva,167998690
svn,lva,36179355
swe,lva,550259957
ukr,lva,300079565
alb,mda,300323
aut,mda,94049331
bel,mda,41935798
bgr,mda,63283832
bih,mda,2645871
blr,mda,137368100
che,mda,33705544
cze,mda,110008769
deu,mda,489744001
dnk,mda,14386882
esp,mda,46139588
est,mda,5629211
fin,mda,10279297
fra,mda,69576326
gbr,mda,29556950
grc,mda,13615419
hrv,mda,1847051
hun,mda,107715194
irl,mda,1114683
isl,mda,214750
ita,mda,303736570
srb,mda,19463112
ltu,mda,28815807
lux,mda,530108
lva,mda,23632314
mda,mda,NA
mkd,mda,2338682
mlt,mda,55
mne,mda,0
nld,mda,111042770
nor,mda,2821272
pol,mda,240237588
prt,mda,9422448
rou,mda,1386331846
rus,mda,1257171203
srb,mda,19463112
svk,mda,38269782
svn,mda,24573626
swe,mda,17050273
ukr,mda,726560338
alb,mkd,77969590
aut,mkd,134754490
bel,mkd,143891469
bgr,mkd,474639582
bih,mkd,77069392
blr,mkd,990200
che,mkd,59980149
cze,mkd,161449003
deu,mkd,1422010978
dnk,mkd,10384464
esp,mkd,61766923
est,mkd,1989280
fin,mkd,5853228
fra,mkd,110165488
gbr,mkd,1535416403
grc,mkd,889363106
hrv,mkd,137726194
hun,mkd,420589033
irl,mkd,21063633
isl,mkd,4490
ita,mkd,318226716
srb,mkd,754759240
ltu,mkd,4212044
lux,mkd,3147830
lva,mkd,1964374
mda,mkd,1494009
mkd,mkd,NA
mlt,mkd,39507
mne,mkd,6036023
nld,mkd,126386213
nor,mkd,2710200
pol,mkd,125357302
prt,mkd,25643561
rou,mkd,239083395
rus,mkd,27344292
srb,mkd,754759240
svk,mkd,88636704
svn,mkd,230420430
swe,mkd,10663371
ukr,mkd,46334069
alb,mlt,8086860
aut,mlt,80971603
bel,mlt,83789878
bgr,mlt,24922322
bih,mlt,183095
blr,mlt,44100
che,mlt,146015169
cze,mlt,30729537
deu,mlt,991930644
dnk,mlt,88147846
esp,mlt,397649237
est,mlt,21342175
fin,mlt,19195216
fra,mlt,825716893
gbr,mlt,1754286536
grc,mlt,368626362
hrv,mlt,194203243
hun,mlt,16918935
irl,mlt,45551730
isl,mlt,2585197
ita,mlt,1890236731
srb,mlt,3826857
ltu,mlt,7730799
lux,mlt,2492008
lva,mlt,12390530
mda,mlt,461090
mkd,mlt,389062
mlt,mlt,NA
mne,mlt,486253
nld,mlt,422598395
nor,mlt,11191065
pol,mlt,48908111
prt,mlt,80374803
rou,mlt,15642988
rus,mlt,3755057037
srb,mlt,3826857
svk,mlt,12379806
svn,mlt,21206416
swe,mlt,59573751
ukr,mlt,41427015
alb,mne,47902125
aut,mne,62297238
bel,mne,10026074
bgr,mne,24293516
bih,mne,232981382
blr,mne,207800
che,mne,23776864
cze,mne,38286818
deu,mne,137078433
dnk,mne,3795046
esp,mne,38921924
est,mne,337027
fin,mne,683739
fra,mne,37232613
gbr,mne,53027130
grc,mne,168839658
hrv,mne,231391397
hun,mne,72249702
irl,mne,661971
isl,mne,99796
ita,mne,188964386
srb,mne,881552926
ltu,mne,1709773
lux,mne,276301
lva,mne,296541
mda,mne,787384
mkd,mne,35053346
mlt,mne,54288
mne,mne,NA
nld,mne,54225283
nor,mne,603960
pol,mne,50883878
prt,mne,2307094
rou,mne,33335023
rus,mne,26774096
srb,mne,881552926
svk,mne,27390847
svn,mne,116925934
swe,mne,4206750
ukr,mne,7183999
alb,nld,26912562
aut,nld,3286751759
bel,nld,36049642628
bgr,nld,846873032
bih,nld,139123607
blr,nld,801158800
che,nld,6080824525
cze,nld,7548042809
deu,nld,92760192617
dnk,nld,5347525611
esp,nld,11004428653
est,nld,418645605
fin,nld,4336925895
fra,nld,19651655389
gbr,nld,30377931942
grc,nld,782244333
hrv,nld,226107820
hun,nld,4239196663
irl,nld,9654246447
isl,nld,1373892842
ita,nld,13057002052
srb,nld,421233905
ltu,nld,1203416485
lux,nld,807192185
lva,nld,390156437
mda,nld,21635855
mkd,nld,118984699
mlt,nld,74100786
mne,nld,2639137
nld,nld,NA
nor,nld,11548882287
pol,nld,11029533030
prt,nld,2620843737
rou,nld,2359441472
rus,nld,44787959133
srb,nld,421233905
svk,nld,1869388584
svn,nld,654871612
swe,nld,8334024734
ukr,nld,1848424207
alb,nor,1781329
aut,nor,794515152
bel,nor,1456080962
bgr,nor,47772913
bih,nor,14339471
blr,nor,151953500
che,nor,667861090
cze,nor,863073447
deu,nor,10548559109
dnk,nor,6382634606
esp,nor,1226919903
est,nor,559220710
fin,nor,1899658988
fra,nor,2077512931
gbr,nor,4554441642
grc,nor,112995398
hrv,nor,67767891
hun,nor,197541582
irl,nor,257795261
isl,nor,201970636
ita,nor,2023759137
srb,nor,24053691
ltu,nor,914164779
lux,nor,72596169
lva,nor,327058011
mda,nor,173625
mkd,nor,3256594
mlt,nor,4018612
mne,nor,40205
nld,nor,5456655279
nor,nor,NA
pol,nor,2898970776
prt,nor,221492519
rou,nor,434252096
rus,nor,2833069146
srb,nor,24053691
svk,nor,178705054
svn,nor,97695957
swe,nor,16982085397
ukr,nor,26902221
alb,pol,10870082
aut,pol,5769137904
bel,pol,7287540799
bgr,pol,722333697
bih,pol,96331941
blr,pol,1290600900
che,pol,2685670722
cze,pol,12027950281
deu,pol,73592534919
dnk,pol,3364100326
esp,pol,6920096702
est,pol,366660854
fin,pol,1937270502
fra,pol,11431651967
gbr,pol,6780804913
grc,pol,554362001
hrv,pol,273520046
hun,pol,5175806226
irl,pol,1323123930
isl,pol,110433562
ita,pol,14942061254
srb,pol,541745285
ltu,pol,2612414257
lux,pol,380032033
lva,pol,522462715
mda,pol,88131607
mkd,pol,63075223
mlt,pol,41684283
mne,pol,15387610
nld,pol,15118005364
nor,pol,2407337560
pol,pol,NA
prt,pol,874505329
rou,pol,2725419434
rus,pol,12757766357
srb,pol,541745285
svk,pol,6729659695
svn,pol,1105598738
swe,pol,5144951639
ukr,pol,3295842881
alb,prt,962648
aut,prt,496502579
bel,prt,1773542985
bgr,prt,176168738
bih,prt,5203899
blr,prt,3416500
che,prt,1149430481
cze,prt,748034598
deu,prt,11919402147
dnk,prt,309607949
esp,prt,24523318070
est,prt,29416359
fin,prt,200014413
fra,prt,8003257482
gbr,prt,2007473910
grc,prt,229718911
hrv,prt,79389299
hun,prt,617760393
irl,prt,470149667
isl,prt,96555590
ita,prt,4783423031
srb,prt,20602344
ltu,prt,80212628
lux,prt,87274018
lva,prt,29097608
mda,prt,8009744
mkd,prt,7425280
mlt,prt,19782152
mne,prt,19545
nld,prt,3734153677
nor,prt,708509165
pol,prt,1206727448
prt,prt,NA
rou,prt,320245715
rus,prt,709454538
srb,prt,20602344
svk,prt,316785940
svn,prt,144340901
swe,prt,798274125
ukr,prt,282174085
alb,rou,38076090
aut,rou,2805956283
bel,rou,1883433291
bgr,rou,2908041393
bih,rou,90989775
blr,rou,87661000
che,rou,1084128205
cze,rou,3067559844
deu,rou,18852416610
dnk,rou,295654099
esp,rou,2588659934
est,rou,62936709
fin,rou,200096302
fra,rou,4761766026
gbr,rou,1623152459
grc,rou,1135192309
hrv,rou,290453954
hun,rou,6174041956
irl,rou,429152558
isl,rou,2116349
ita,rou,8564975994
srb,rou,1149495569
ltu,rou,131313351
lux,rou,77454826
lva,rou,36981777
mda,rou,532834683
mkd,rou,172220627
mlt,rou,19118117
mne,rou,677195
nld,rou,3045555269
nor,rou,105282596
pol,rou,5372581370
prt,rou,495914445
rou,rou,NA
rus,rou,3196152017
srb,rou,1149495569
svk,rou,2322471017
svn,rou,576441730
swe,rou,382361066
ukr,rou,1005589365
alb,rus,678491
aut,rus,2638896704
bel,rus,3219720193
bgr,rus,587976263
bih,rus,75192068
blr,rus,13624093100
che,rus,3135887817
cze,rus,4303006082
deu,rus,30445079460
dnk,rus,862791026
esp,rus,2257853384
est,rus,916658493
fin,rus,4016719776
fra,rus,6277034073
gbr,rus,3210547849
grc,rus,233471027
hrv,rus,173586782
hun,rus,2026859490
irl,rus,685660489
isl,rus,79660193
ita,rus,8367550342
srb,rus,977178781
ltu,rus,4632258024
lux,rus,182657633
lva,rus,1323922185
mda,rus,176086806
mkd,rus,52140269
mlt,rus,6503390
mne,rus,2014915
nld,rus,7218003187
nor,rus,349336823
pol,rus,7864094561
prt,rus,216848578
rou,rus,1143012040
rus,rus,NA
srb,rus,977178781
svk,rus,1595547950
svn,rus,991929812
swe,rus,2216375322
ukr,rus,3242814808
alb,srb,310125719
aut,srb,938091844
bel,srb,382213388
bgr,srb,790611142
bih,srb,751329801
blr,srb,72136800
che,srb,364900716
cze,srb,759527668
deu,srb,3641131152
dnk,srb,135417609
esp,srb,339284497
est,srb,9194318
fin,srb,39355420
fra,srb,697829122
gbr,srb,209142482
grc,srb,362234865
hrv,srb,902699391
hun,srb,1944041437
irl,srb,77386463
isl,srb,249217
ita,srb,2128416828
srb,srb,NA
ltu,srb,24265479
lux,srb,12264369
lva,srb,10606938
mda,srb,5364982
mkd,srb,618247349
mlt,srb,3270290
mne,srb,120820753
nld,srb,692945594
nor,srb,48927960
pol,srb,976793094
prt,srb,30346826
rou,srb,1034703641
rus,srb,1526555533
srb,srb,NA
svk,srb,424868375
svn,srb,1223303530
swe,srb,144088816
ukr,srb,257425815
alb,svk,2855428
aut,svk,3521382836
bel,svk,942311588
bgr,svk,337241006
bih,svk,78048220
blr,svk,107368300
che,svk,621952161
cze,svk,15099747903
deu,svk,15687324068
dnk,svk,265645433
esp,svk,1291391590
est,svk,35661066
fin,svk,150031478
fra,svk,3331201062
gbr,svk,1368017841
grc,svk,165729238
hrv,svk,187324933
hun,svk,6405978765
irl,svk,104384437
isl,svk,6828826
ita,svk,3493474854
srb,svk,429604090
ltu,svk,106861788
lux,svk,56207887
lva,svk,70743637
mda,svk,6769111
mkd,svk,72319635
mlt,svk,5082245
mne,svk,52506
nld,svk,1816316468
nor,svk,64668431
pol,svk,6575953128
prt,svk,469333257
rou,svk,1632578061
rus,svk,4063291627
srb,svk,429604090
svk,svk,NA
svn,svk,600426564
swe,svk,455229490
ukr,svk,709619085
alb,svn,9320089
aut,svn,3542551711
bel,svn,517533519
bgr,svn,275669370
bih,svn,575975875
blr,svn,11468900
che,svn,3289171627
cze,svn,975795551
deu,svn,6133505480
dnk,svn,107536906
esp,svn,677706901
est,svn,16260185
fin,svn,70696779
fra,svn,1509627794
gbr,svn,356159820
grc,svn,582776779
hrv,svn,1834456274
hun,svn,1315322870
irl,svn,128043834
isl,svn,237472
ita,svn,5157650073
srb,svn,650523730
ltu,svn,48857677
lux,svn,39688267
lva,svn,23387886
mda,svn,52305
mkd,svn,85443609
mlt,svn,3074502
mne,svn,28488177
nld,svn,1048196370
nor,svn,13212617
pol,svn,941918803
prt,svn,141048488
rou,svn,519250925
rus,svn,489420697
srb,svn,650523730
svk,svn,699895398
svn,svn,NA
swe,svn,212582596
ukr,svn,38945129
alb,swe,25007205
aut,swe,1942890414
bel,swe,5266316645
bgr,swe,293708912
bih,swe,48794782
blr,swe,44818400
che,swe,1698173879
cze,swe,3268348205
deu,swe,27889578558
dnk,swe,10774130607
esp,swe,2706767690
est,swe,1637288093
fin,swe,7473355240
fra,swe,6053686349
gbr,swe,6368884520
grc,swe,239314725
hrv,swe,132568795
hun,swe,1738499608
irl,swe,1053197594
isl,swe,30730623
ita,swe,5277053589
srb,swe,216505649
ltu,swe,1478223067
lux,swe,203514815
lva,swe,955303402
mda,swe,350379
mkd,swe,33500663
mlt,swe,14927331
mne,swe,3523350
nld,swe,10999325968
nor,swe,7988389516
pol,swe,6955985909
prt,swe,665213118
rou,swe,631029746
rus,swe,2297711513
srb,swe,216505649
svk,swe,1224412026
svn,swe,405924734
swe,swe,NA
ukr,swe,77068526
alb,ukr,1561576
aut,ukr,640084380
bel,ukr,518614556
bgr,ukr,381566269
bih,ukr,5402812
blr,ukr,4141632600
che,ukr,461495320
cze,ukr,1524234360
deu,ukr,5492969333
dnk,ukr,319178565
esp,ukr,651031306
est,ukr,154103743
fin,ukr,238308010
fra,ukr,1179249928
gbr,ukr,649365906
grc,ukr,236025775
hrv,ukr,47442677
hun,ukr,2392000341
irl,ukr,73240285
isl,ukr,33850452
ita,ukr,1959268457
srb,ukr,146510271
ltu,ukr,1199384765
lux,ukr,29422845
lva,ukr,171350957
mda,ukr,48413685
mkd,ukr,12675425
mlt,ukr,1891185
mne,ukr,3601591
nld,ukr,1242696813
nor,ukr,192578066
pol,ukr,5291725533
prt,ukr,28603056
rou,ukr,690731337
rus,ukr,6619026794
srb,ukr,146510271
svk,ukr,770443849
svn,ukr,243751373
swe,ukr,407099428
ukr,ukr,NA
